{
  "lang":"en",
  "name":"pipeline",
  "version":"0.0.0",
  "spacy_version":">=3.5.0,<3.6.0",
  "description":"",
  "author":"",
  "email":"",
  "url":"",
  "license":"",
  "spacy_git_version":"Unknown",
  "vectors":{
    "width":0,
    "vectors":0,
    "keys":0,
    "name":null,
    "mode":"default"
  },
  "labels":{
    "transformer":[

    ],
    "ner":[
      "Indicator",
      "Malware",
      "Organization",
      "System",
      "Vulnerability"
    ]
  },
  "pipeline":[
    "transformer",
    "ner"
  ],
  "components":[
    "transformer",
    "ner"
  ],
  "disabled":[

  ],
  "performance":{
    "ents_f":0.7477477477,
    "ents_p":0.7545454545,
    "ents_r":0.7410714286,
    "ents_per_type":{
      "Malware":{
        "p":0.8894736842,
        "r":0.6653543307,
        "f":0.7612612613
      },
      "Indicator":{
        "p":0.7649122807,
        "r":0.8825910931,
        "f":0.8195488722
      },
      "System":{
        "p":0.6633663366,
        "r":0.7362637363,
        "f":0.6979166667
      },
      "Organization":{
        "p":0.630952381,
        "r":0.5760869565,
        "f":0.6022727273
      },
      "Vulnerability":{
        "p":0.7777777778,
        "r":0.7777777778,
        "f":0.7777777778
      }
    },
    "transformer_loss":67.2586475444,
    "ner_loss":69.5797746125
  }
}